id;name;created_at;created_by;updated_at;updated_by
1;ha;2025-04-07T18:39:56;10607;23217;4422
2;nor discontinue minus;2025-04-07T18:21:58;12283;28722;16932
3;er feline pause;2025-04-07T12:12:06;15718;29788;30383
4;ugh;2025-04-07T06:54:33;18528;28515;12046
5;versus gosh except;2025-04-08T02:45:55;7301;7085;31275
6;since brand;2025-04-07T14:03:02;3127;12872;28836
7;calmly;2025-04-08T05:56:37;29227;3914;14230
8;against jaggedly lightly;2025-04-08T00:06:01;32289;16382;27314
9;sternly interior gee;2025-04-07T11:24:19;8748;9858;30336
10;whether fortunately phew;2025-04-08T00:10:43;5960;2516;7681
