id;transaction_id;notes;created_at;created_by;updated_at;updated_by
1;8013;signature meanwhile;2025-04-08T17:44:40;6614;2025-04-09T05:54:10;2196
2;2483;fill consequently yowza;2025-04-09T04:24:21;28446;2025-04-08T08:06:49;13444
3;21404;frightfully coin;2025-04-08T16:21:54;261;2025-04-08T12:14:40;30430
4;4947;till infatuated comfortable;2025-04-09T02:43:54;21027;2025-04-08T08:28:18;15311
5;29349;over;2025-04-08T18:16:22;13335;2025-04-08T16:00:57;9267
6;30217;despite;2025-04-08T22:07:17;32401;2025-04-08T11:21:37;13967
7;12708;despite forceful wherever;2025-04-08T07:57:59;28658;2025-04-08T14:55:01;11022
8;18562;tensely questionably above;2025-04-09T01:02:28;6548;2025-04-08T13:41:40;19988
9;21809;blah interestingly;2025-04-09T02:35:03;3970;2025-04-08T23:10:27;2082
10;909;though perp cleverly;2025-04-08T22:37:55;12173;2025-04-09T03:25:06;16595
